config_name,sub_task_name,instruction,instance_id,camera,source_image,source_dir,output_image,status
g1op_s2r_bimanual_chip_handover,bimanual_chip_handover,Left hand passes the chips to the right hand,2,head,/home/user/djy/genie_sim/task_previews/g1op_s2r_bimanual_chip_handover/head.png,/home/user/djy/genie_sim/task_previews/g1op_s2r_bimanual_chip_handover,/home/user/djy/genie_sim/task_previews_with_instructions/g1op_s2r_bimanual_chip_handover.png,ok
g1op_s2r_grasp_targets,pick_specific_object,Right arm picks up the mouse on the table,14,head,/home/user/djy/genie_sim/task_previews/g1op_s2r_grasp_targets/head.png,/home/user/djy/genie_sim/task_previews/g1op_s2r_grasp_targets,/home/user/djy/genie_sim/task_previews_with_instructions/g1op_s2r_grasp_targets.png,ok
g1op_s2r_organize_items,place_object_into_box_color,"Left arm picks up the apple on the table, Place the object into the green storage box",2,head,/home/user/djy/genie_sim/task_previews/g1op_s2r_organize_items/head.png,/home/user/djy/genie_sim/task_previews/g1op_s2r_organize_items,/home/user/djy/genie_sim/task_previews_with_instructions/g1op_s2r_organize_items.png,ok
g1op_s2r_pack_in_supermarket,pack_in_supermarket,Pack objects on the desk,2,head,/home/user/djy/genie_sim/task_previews/g1op_s2r_pack_in_supermarket/head.png,/home/user/djy/genie_sim/task_previews/g1op_s2r_pack_in_supermarket,/home/user/djy/genie_sim/task_previews_with_instructions/g1op_s2r_pack_in_supermarket.png,ok
g1op_s2r_place_block_into_drawer,place_block_into_drawer,Open the drawer and place items inside,2,head,/home/user/djy/genie_sim/task_previews/g1op_s2r_place_block_into_drawer/head.png,/home/user/djy/genie_sim/task_previews/g1op_s2r_place_block_into_drawer,/home/user/djy/genie_sim/task_previews_with_instructions/g1op_s2r_place_block_into_drawer.png,ok
g1op_s2r_select_color,pick_block_color,Left arm picks up red block on the table,3,head,/home/user/djy/genie_sim/task_previews/g1op_s2r_select_color/head.png,/home/user/djy/genie_sim/task_previews/g1op_s2r_select_color,/home/user/djy/genie_sim/task_previews_with_instructions/g1op_s2r_select_color.png,ok
g1op_s2r_size_recognize,pick_block_size,Left arm picks up the largest block on the table,27,head,/home/user/djy/genie_sim/task_previews/g1op_s2r_size_recognize/head.png,/home/user/djy/genie_sim/task_previews/g1op_s2r_size_recognize,/home/user/djy/genie_sim/task_previews_with_instructions/g1op_s2r_size_recognize.png,ok
g1op_s2r_sort_fruit,sort_fruit,Place fruits into corresponding storage boxes by type,6,head,/home/user/djy/genie_sim/task_previews/g1op_s2r_sort_fruit/head.png,/home/user/djy/genie_sim/task_previews/g1op_s2r_sort_fruit,/home/user/djy/genie_sim/task_previews_with_instructions/g1op_s2r_sort_fruit.png,ok
g2op_if_pick_billiards_color,pick_billiards_color,Right arm picks up red billiard balls on the table,14,head,/home/user/djy/genie_sim/task_previews/g2op_if_pick_billiards_color/head.png,/home/user/djy/genie_sim/task_previews/g2op_if_pick_billiards_color,/home/user/djy/genie_sim/task_previews_with_instructions/g2op_if_pick_billiards_color.png,ok
g2op_if_pick_block_color,pick_block_color,Left arm picks up red block on the table,3,head,/home/user/djy/genie_sim/task_previews/g2op_if_pick_block_color/head.png,/home/user/djy/genie_sim/task_previews/g2op_if_pick_block_color,/home/user/djy/genie_sim/task_previews_with_instructions/g2op_if_pick_block_color.png,ok
g2op_if_pick_block_number,pick_block_number,Right arm picks up the block shaped like number 8 on the table,3,head,/home/user/djy/genie_sim/task_previews/g2op_if_pick_block_number/head.png,/home/user/djy/genie_sim/task_previews/g2op_if_pick_block_number,/home/user/djy/genie_sim/task_previews_with_instructions/g2op_if_pick_block_number.png,ok
g2op_if_pick_block_shape,pick_block_shape,Right arm picks up the cube block on the table,3,head,/home/user/djy/genie_sim/task_previews/g2op_if_pick_block_shape/head.png,/home/user/djy/genie_sim/task_previews/g2op_if_pick_block_shape,/home/user/djy/genie_sim/task_previews_with_instructions/g2op_if_pick_block_shape.png,ok
g2op_if_pick_block_size,pick_block_size,Left arm picks up the largest block on the table,27,head,/home/user/djy/genie_sim/task_previews/g2op_if_pick_block_size/head.png,/home/user/djy/genie_sim/task_previews/g2op_if_pick_block_size,/home/user/djy/genie_sim/task_previews_with_instructions/g2op_if_pick_block_size.png,ok
g2op_if_pick_common_sense,pick_common_sense,"I am very thirsty now, grasp an object that can quench thirst for me",14,head,/home/user/djy/genie_sim/task_previews/g2op_if_pick_common_sense/head.png,/home/user/djy/genie_sim/task_previews/g2op_if_pick_common_sense,/home/user/djy/genie_sim/task_previews_with_instructions/g2op_if_pick_common_sense.png,ok
g2op_if_pick_follow_logic_or,pick_follow_logic_or,Right arm picks up the stationery or fruit on the table,27,head,/home/user/djy/genie_sim/task_previews/g2op_if_pick_follow_logic_or/head.png,/home/user/djy/genie_sim/task_previews/g2op_if_pick_follow_logic_or,/home/user/djy/genie_sim/task_previews_with_instructions/g2op_if_pick_follow_logic_or.png,ok
g2op_if_pick_object_type,pick_object_type,Left arm picks up drinks on the table,14,head,/home/user/djy/genie_sim/task_previews/g2op_if_pick_object_type/head.png,/home/user/djy/genie_sim/task_previews/g2op_if_pick_object_type,/home/user/djy/genie_sim/task_previews_with_instructions/g2op_if_pick_object_type.png,ok
g2op_if_pick_specific_object,pick_specific_object,Right arm picks up the mouse on the table,14,head,/home/user/djy/genie_sim/task_previews/g2op_if_pick_specific_object/head.png,/home/user/djy/genie_sim/task_previews/g2op_if_pick_specific_object,/home/user/djy/genie_sim/task_previews_with_instructions/g2op_if_pick_specific_object.png,ok
g2op_if_straighten_object,straighten_object,"Right arm picks up the oolong tea on the table, Right arm straightens the oolong tea and returns it to the original position",27,head,/home/user/djy/genie_sim/task_previews/g2op_if_straighten_object/head.png,/home/user/djy/genie_sim/task_previews/g2op_if_straighten_object,/home/user/djy/genie_sim/task_previews_with_instructions/g2op_if_straighten_object.png,ok
g2op_manip_bimanual_hold_pot,hold_pot,"Grasp both handles of the pot with left and right hands, move the pot to the stove and put it down.",3,head,/home/user/djy/genie_sim/task_previews/g2op_manip_bimanual_hold_pot/head.png,/home/user/djy/genie_sim/task_previews/g2op_manip_bimanual_hold_pot,/home/user/djy/genie_sim/task_previews_with_instructions/g2op_manip_bimanual_hold_pot.png,ok
g2op_manip_clean_the_desktop,clean_the_desktop,"Pick up the pen on the left side and place it into the pen holder, close the laptop, pick up the tissue on the table and place it into the trash bin on the right size. Then, pick up the mouse and place it on the right side of the laptop. Finally, straighten the colored pencil box.",19,head,/home/user/djy/genie_sim/task_previews/g2op_manip_clean_the_desktop/head.png,/home/user/djy/genie_sim/task_previews/g2op_manip_clean_the_desktop,/home/user/djy/genie_sim/task_previews_with_instructions/g2op_manip_clean_the_desktop.png,ok
g2op_manip_open_door,open_door,"Turn the doorknob with the right arm, push the door.",3,head,/home/user/djy/genie_sim/task_previews/g2op_manip_open_door/head.png,/home/user/djy/genie_sim/task_previews/g2op_manip_open_door,/home/user/djy/genie_sim/task_previews_with_instructions/g2op_manip_open_door.png,ok
g2op_manip_place_block_into_box,place_block_into_box,"The left arm picks up the yellow circular block from the table, place the yellow round block into the round hole of the block box.",3,head,/home/user/djy/genie_sim/task_previews/g2op_manip_place_block_into_box/head.png,/home/user/djy/genie_sim/task_previews/g2op_manip_place_block_into_box,/home/user/djy/genie_sim/task_previews_with_instructions/g2op_manip_place_block_into_box.png,ok
g2op_manip_pour_workpiece,pour_workpiece,Pour the workpiece into the box with the right arm.,3,head,/home/user/djy/genie_sim/task_previews/g2op_manip_pour_workpiece/head.png,/home/user/djy/genie_sim/task_previews/g2op_manip_pour_workpiece,/home/user/djy/genie_sim/task_previews_with_instructions/g2op_manip_pour_workpiece.png,ok
g2op_manip_scoop_popcorn,scoop_popcorn,Scoop the popcorn with the right arm and pour it into the popcorn bucket.,3,head,/home/user/djy/genie_sim/task_previews/g2op_manip_scoop_popcorn/head.png,/home/user/djy/genie_sim/task_previews/g2op_manip_scoop_popcorn,/home/user/djy/genie_sim/task_previews_with_instructions/g2op_manip_scoop_popcorn.png,ok
g2op_manip_sorting_packages,sorting_packages,Grab the red package on the table with right arm. Turn the waist right to face the barcode scanner. Place the package on the scanning table with the barcode facing up. The right arm grabs the package. Rotate the waist with the right arm. Place the package in the blue bin. Both arms coordinate and the waist returns to the initial posture.,2,head,/home/user/djy/genie_sim/task_previews/g2op_manip_sorting_packages/head.png,/home/user/djy/genie_sim/task_previews/g2op_manip_sorting_packages,/home/user/djy/genie_sim/task_previews_with_instructions/g2op_manip_sorting_packages.png,ok
g2op_manip_sorting_packages_continuous,sorting_packages_continuous,Sort packages,2,head,/home/user/djy/genie_sim/task_previews/g2op_manip_sorting_packages_continuous/head.png,/home/user/djy/genie_sim/task_previews/g2op_manip_sorting_packages_continuous,/home/user/djy/genie_sim/task_previews_with_instructions/g2op_manip_sorting_packages_continuous.png,ok
g2op_manip_stock_and_straighten_shelf,stock_and_straighten_shelf,"Pick up the wei-chuan orange juice in the shopping basket and place it on the shelf with right arm, straighten the overturned wei-chuan grape juice with right arm.",2,head,/home/user/djy/genie_sim/task_previews/g2op_manip_stock_and_straighten_shelf/head.png,/home/user/djy/genie_sim/task_previews/g2op_manip_stock_and_straighten_shelf,/home/user/djy/genie_sim/task_previews_with_instructions/g2op_manip_stock_and_straighten_shelf.png,ok
g2op_manip_take_wrong_item_shelf,take_wrong_item_shelf,"The right arm picks up the incorrectly placed item from the shelf, place the misplaced items from the shelf into the shopping basket.",3,head,/home/user/djy/genie_sim/task_previews/g2op_manip_take_wrong_item_shelf/head.png,/home/user/djy/genie_sim/task_previews/g2op_manip_take_wrong_item_shelf,/home/user/djy/genie_sim/task_previews_with_instructions/g2op_manip_take_wrong_item_shelf.png,ok
g2op_robust_backgen_pick_billiards_color,pick_billiards_color,Right arm picks up red billiard balls on the table,14,head,/home/user/djy/genie_sim/task_previews/g2op_robust_backgen_pick_billiards_color/head.png,/home/user/djy/genie_sim/task_previews/g2op_robust_backgen_pick_billiards_color,/home/user/djy/genie_sim/task_previews_with_instructions/g2op_robust_backgen_pick_billiards_color.png,ok
g2op_robust_backgen_pick_block_color,pick_block_color,Left arm picks up red block on the table,3,head,/home/user/djy/genie_sim/task_previews/g2op_robust_backgen_pick_block_color/head.png,/home/user/djy/genie_sim/task_previews/g2op_robust_backgen_pick_block_color,/home/user/djy/genie_sim/task_previews_with_instructions/g2op_robust_backgen_pick_block_color.png,ok
g2op_robust_backgen_pick_block_number,pick_block_number,Right arm picks up the block shaped like number 8 on the table,3,head,/home/user/djy/genie_sim/task_previews/g2op_robust_backgen_pick_block_number/head.png,/home/user/djy/genie_sim/task_previews/g2op_robust_backgen_pick_block_number,/home/user/djy/genie_sim/task_previews_with_instructions/g2op_robust_backgen_pick_block_number.png,ok
g2op_robust_backgen_pick_block_shape,pick_block_shape,Right arm picks up the cube block on the table,3,head,/home/user/djy/genie_sim/task_previews/g2op_robust_backgen_pick_block_shape/head.png,/home/user/djy/genie_sim/task_previews/g2op_robust_backgen_pick_block_shape,/home/user/djy/genie_sim/task_previews_with_instructions/g2op_robust_backgen_pick_block_shape.png,ok
g2op_robust_backgen_pick_block_size,pick_block_size,Left arm picks up the largest block on the table,27,head,/home/user/djy/genie_sim/task_previews/g2op_robust_backgen_pick_block_size/head.png,/home/user/djy/genie_sim/task_previews/g2op_robust_backgen_pick_block_size,/home/user/djy/genie_sim/task_previews_with_instructions/g2op_robust_backgen_pick_block_size.png,ok
g2op_robust_backgen_pick_common_sense,pick_common_sense,"I am very thirsty now, grasp an object that can quench thirst for me",14,head,/home/user/djy/genie_sim/task_previews/g2op_robust_backgen_pick_common_sense/head.png,/home/user/djy/genie_sim/task_previews/g2op_robust_backgen_pick_common_sense,/home/user/djy/genie_sim/task_previews_with_instructions/g2op_robust_backgen_pick_common_sense.png,ok
g2op_robust_backgen_pick_follow_logic_or,pick_follow_logic_or,Right arm picks up the stationery or fruit on the table,27,head,/home/user/djy/genie_sim/task_previews/g2op_robust_backgen_pick_follow_logic_or/head.png,/home/user/djy/genie_sim/task_previews/g2op_robust_backgen_pick_follow_logic_or,/home/user/djy/genie_sim/task_previews_with_instructions/g2op_robust_backgen_pick_follow_logic_or.png,ok
g2op_robust_backgen_pick_object_type,pick_object_type,Left arm picks up drinks on the table,14,head,/home/user/djy/genie_sim/task_previews/g2op_robust_backgen_pick_object_type/head.png,/home/user/djy/genie_sim/task_previews/g2op_robust_backgen_pick_object_type,/home/user/djy/genie_sim/task_previews_with_instructions/g2op_robust_backgen_pick_object_type.png,ok
g2op_robust_backgen_pick_specific_object,pick_specific_object,Right arm picks up the mouse on the table,14,head,/home/user/djy/genie_sim/task_previews/g2op_robust_backgen_pick_specific_object/head.png,/home/user/djy/genie_sim/task_previews/g2op_robust_backgen_pick_specific_object,/home/user/djy/genie_sim/task_previews_with_instructions/g2op_robust_backgen_pick_specific_object.png,ok
g2op_robust_backgen_straighten_object,straighten_object,"Right arm picks up the oolong tea on the table, Right arm straightens the oolong tea and returns it to the original position",27,head,/home/user/djy/genie_sim/task_previews/g2op_robust_backgen_straighten_object/head.png,/home/user/djy/genie_sim/task_previews/g2op_robust_backgen_straighten_object,/home/user/djy/genie_sim/task_previews_with_instructions/g2op_robust_backgen_straighten_object.png,ok
g2op_robust_camposgen_pick_billiards_color,pick_billiards_color,Right arm picks up red billiard balls on the table,14,head,/home/user/djy/genie_sim/task_previews/g2op_robust_camposgen_pick_billiards_color/head.png,/home/user/djy/genie_sim/task_previews/g2op_robust_camposgen_pick_billiards_color,/home/user/djy/genie_sim/task_previews_with_instructions/g2op_robust_camposgen_pick_billiards_color.png,ok
g2op_robust_camposgen_pick_block_color,pick_block_color,Left arm picks up red block on the table,3,head,/home/user/djy/genie_sim/task_previews/g2op_robust_camposgen_pick_block_color/head.png,/home/user/djy/genie_sim/task_previews/g2op_robust_camposgen_pick_block_color,/home/user/djy/genie_sim/task_previews_with_instructions/g2op_robust_camposgen_pick_block_color.png,ok
g2op_robust_camposgen_pick_block_number,pick_block_number,Right arm picks up the block shaped like number 8 on the table,3,head,/home/user/djy/genie_sim/task_previews/g2op_robust_camposgen_pick_block_number/head.png,/home/user/djy/genie_sim/task_previews/g2op_robust_camposgen_pick_block_number,/home/user/djy/genie_sim/task_previews_with_instructions/g2op_robust_camposgen_pick_block_number.png,ok
g2op_robust_camposgen_pick_block_shape,pick_block_shape,Right arm picks up the cube block on the table,3,head,/home/user/djy/genie_sim/task_previews/g2op_robust_camposgen_pick_block_shape/head.png,/home/user/djy/genie_sim/task_previews/g2op_robust_camposgen_pick_block_shape,/home/user/djy/genie_sim/task_previews_with_instructions/g2op_robust_camposgen_pick_block_shape.png,ok
g2op_robust_camposgen_pick_block_size,pick_block_size,Left arm picks up the largest block on the table,27,head,/home/user/djy/genie_sim/task_previews/g2op_robust_camposgen_pick_block_size/head.png,/home/user/djy/genie_sim/task_previews/g2op_robust_camposgen_pick_block_size,/home/user/djy/genie_sim/task_previews_with_instructions/g2op_robust_camposgen_pick_block_size.png,ok
g2op_robust_camposgen_pick_common_sense,pick_common_sense,"I am very thirsty now, grasp an object that can quench thirst for me",14,head,/home/user/djy/genie_sim/task_previews/g2op_robust_camposgen_pick_common_sense/head.png,/home/user/djy/genie_sim/task_previews/g2op_robust_camposgen_pick_common_sense,/home/user/djy/genie_sim/task_previews_with_instructions/g2op_robust_camposgen_pick_common_sense.png,ok
g2op_robust_camposgen_pick_follow_logic_or,pick_follow_logic_or,Right arm picks up the stationery or fruit on the table,27,head,/home/user/djy/genie_sim/task_previews/g2op_robust_camposgen_pick_follow_logic_or/head.png,/home/user/djy/genie_sim/task_previews/g2op_robust_camposgen_pick_follow_logic_or,/home/user/djy/genie_sim/task_previews_with_instructions/g2op_robust_camposgen_pick_follow_logic_or.png,ok
g2op_robust_camposgen_pick_object_type,pick_object_type,Left arm picks up drinks on the table,14,head,/home/user/djy/genie_sim/task_previews/g2op_robust_camposgen_pick_object_type/head.png,/home/user/djy/genie_sim/task_previews/g2op_robust_camposgen_pick_object_type,/home/user/djy/genie_sim/task_previews_with_instructions/g2op_robust_camposgen_pick_object_type.png,ok
g2op_robust_camposgen_pick_specific_object,pick_specific_object,Right arm picks up the mouse on the table,14,head,/home/user/djy/genie_sim/task_previews/g2op_robust_camposgen_pick_specific_object/head.png,/home/user/djy/genie_sim/task_previews/g2op_robust_camposgen_pick_specific_object,/home/user/djy/genie_sim/task_previews_with_instructions/g2op_robust_camposgen_pick_specific_object.png,ok
g2op_robust_camposgen_straighten_object,straighten_object,"Right arm picks up the oolong tea on the table, Right arm straightens the oolong tea and returns it to the original position",27,head,/home/user/djy/genie_sim/task_previews/g2op_robust_camposgen_straighten_object/head.png,/home/user/djy/genie_sim/task_previews/g2op_robust_camposgen_straighten_object,/home/user/djy/genie_sim/task_previews_with_instructions/g2op_robust_camposgen_straighten_object.png,ok
g2op_robust_camqualgen_pick_billiards_color,pick_billiards_color,Right arm picks up red billiard balls on the table,14,head,/home/user/djy/genie_sim/task_previews/g2op_robust_camqualgen_pick_billiards_color/head.png,/home/user/djy/genie_sim/task_previews/g2op_robust_camqualgen_pick_billiards_color,/home/user/djy/genie_sim/task_previews_with_instructions/g2op_robust_camqualgen_pick_billiards_color.png,ok
g2op_robust_camqualgen_pick_block_color,pick_block_color,Left arm picks up red block on the table,3,head,/home/user/djy/genie_sim/task_previews/g2op_robust_camqualgen_pick_block_color/head.png,/home/user/djy/genie_sim/task_previews/g2op_robust_camqualgen_pick_block_color,/home/user/djy/genie_sim/task_previews_with_instructions/g2op_robust_camqualgen_pick_block_color.png,ok
g2op_robust_camqualgen_pick_block_number,pick_block_number,Right arm picks up the block shaped like number 8 on the table,3,head,/home/user/djy/genie_sim/task_previews/g2op_robust_camqualgen_pick_block_number/head.png,/home/user/djy/genie_sim/task_previews/g2op_robust_camqualgen_pick_block_number,/home/user/djy/genie_sim/task_previews_with_instructions/g2op_robust_camqualgen_pick_block_number.png,ok
g2op_robust_camqualgen_pick_block_shape,pick_block_shape,Right arm picks up the cube block on the table,3,head,/home/user/djy/genie_sim/task_previews/g2op_robust_camqualgen_pick_block_shape/head.png,/home/user/djy/genie_sim/task_previews/g2op_robust_camqualgen_pick_block_shape,/home/user/djy/genie_sim/task_previews_with_instructions/g2op_robust_camqualgen_pick_block_shape.png,ok
g2op_robust_camqualgen_pick_block_size,pick_block_size,Left arm picks up the largest block on the table,27,head,/home/user/djy/genie_sim/task_previews/g2op_robust_camqualgen_pick_block_size/head.png,/home/user/djy/genie_sim/task_previews/g2op_robust_camqualgen_pick_block_size,/home/user/djy/genie_sim/task_previews_with_instructions/g2op_robust_camqualgen_pick_block_size.png,ok
g2op_robust_camqualgen_pick_common_sense,pick_common_sense,"I am very thirsty now, grasp an object that can quench thirst for me",14,head,/home/user/djy/genie_sim/task_previews/g2op_robust_camqualgen_pick_common_sense/head.png,/home/user/djy/genie_sim/task_previews/g2op_robust_camqualgen_pick_common_sense,/home/user/djy/genie_sim/task_previews_with_instructions/g2op_robust_camqualgen_pick_common_sense.png,ok
g2op_robust_camqualgen_pick_follow_logic_or,pick_follow_logic_or,Right arm picks up the stationery or fruit on the table,27,head,/home/user/djy/genie_sim/task_previews/g2op_robust_camqualgen_pick_follow_logic_or/head.png,/home/user/djy/genie_sim/task_previews/g2op_robust_camqualgen_pick_follow_logic_or,/home/user/djy/genie_sim/task_previews_with_instructions/g2op_robust_camqualgen_pick_follow_logic_or.png,ok
g2op_robust_camqualgen_pick_object_type,pick_object_type,Left arm picks up drinks on the table,14,head,/home/user/djy/genie_sim/task_previews/g2op_robust_camqualgen_pick_object_type/head.png,/home/user/djy/genie_sim/task_previews/g2op_robust_camqualgen_pick_object_type,/home/user/djy/genie_sim/task_previews_with_instructions/g2op_robust_camqualgen_pick_object_type.png,ok
g2op_robust_camqualgen_pick_specific_object,pick_specific_object,Right arm picks up the mouse on the table,14,head,/home/user/djy/genie_sim/task_previews/g2op_robust_camqualgen_pick_specific_object/head.png,/home/user/djy/genie_sim/task_previews/g2op_robust_camqualgen_pick_specific_object,/home/user/djy/genie_sim/task_previews_with_instructions/g2op_robust_camqualgen_pick_specific_object.png,ok
g2op_robust_camqualgen_straighten_object,straighten_object,"Right arm picks up the oolong tea on the table, Right arm straightens the oolong tea and returns it to the original position",27,head,/home/user/djy/genie_sim/task_previews/g2op_robust_camqualgen_straighten_object/head.png,/home/user/djy/genie_sim/task_previews/g2op_robust_camqualgen_straighten_object,/home/user/djy/genie_sim/task_previews_with_instructions/g2op_robust_camqualgen_straighten_object.png,ok
g2op_robust_instructgen_pick_billiards_color,pick_billiards_color,Right arm picks up red billiard balls on the table,14,head,/home/user/djy/genie_sim/task_previews/g2op_robust_instructgen_pick_billiards_color/head.png,/home/user/djy/genie_sim/task_previews/g2op_robust_instructgen_pick_billiards_color,/home/user/djy/genie_sim/task_previews_with_instructions/g2op_robust_instructgen_pick_billiards_color.png,ok
g2op_robust_instructgen_pick_block_color,pick_block_color,Left arm picks up red block on the table,3,head,/home/user/djy/genie_sim/task_previews/g2op_robust_instructgen_pick_block_color/head.png,/home/user/djy/genie_sim/task_previews/g2op_robust_instructgen_pick_block_color,/home/user/djy/genie_sim/task_previews_with_instructions/g2op_robust_instructgen_pick_block_color.png,ok
g2op_robust_instructgen_pick_block_number,pick_block_number,Right arm picks up the block shaped like number 8 on the table,3,head,/home/user/djy/genie_sim/task_previews/g2op_robust_instructgen_pick_block_number/head.png,/home/user/djy/genie_sim/task_previews/g2op_robust_instructgen_pick_block_number,/home/user/djy/genie_sim/task_previews_with_instructions/g2op_robust_instructgen_pick_block_number.png,ok
g2op_robust_instructgen_pick_block_shape,pick_block_shape,Right arm picks up the cube block on the table,3,head,/home/user/djy/genie_sim/task_previews/g2op_robust_instructgen_pick_block_shape/head.png,/home/user/djy/genie_sim/task_previews/g2op_robust_instructgen_pick_block_shape,/home/user/djy/genie_sim/task_previews_with_instructions/g2op_robust_instructgen_pick_block_shape.png,ok
g2op_robust_instructgen_pick_block_size,pick_block_size,Left arm picks up the largest block on the table,27,head,/home/user/djy/genie_sim/task_previews/g2op_robust_instructgen_pick_block_size/head.png,/home/user/djy/genie_sim/task_previews/g2op_robust_instructgen_pick_block_size,/home/user/djy/genie_sim/task_previews_with_instructions/g2op_robust_instructgen_pick_block_size.png,ok
g2op_robust_instructgen_pick_common_sense,pick_common_sense,"I am very thirsty now, grasp an object that can quench thirst for me",14,head,/home/user/djy/genie_sim/task_previews/g2op_robust_instructgen_pick_common_sense/head.png,/home/user/djy/genie_sim/task_previews/g2op_robust_instructgen_pick_common_sense,/home/user/djy/genie_sim/task_previews_with_instructions/g2op_robust_instructgen_pick_common_sense.png,ok
g2op_robust_instructgen_pick_follow_logic_or,pick_follow_logic_or,Right arm picks up the stationery or fruit on the table,27,head,/home/user/djy/genie_sim/task_previews/g2op_robust_instructgen_pick_follow_logic_or/head.png,/home/user/djy/genie_sim/task_previews/g2op_robust_instructgen_pick_follow_logic_or,/home/user/djy/genie_sim/task_previews_with_instructions/g2op_robust_instructgen_pick_follow_logic_or.png,ok
g2op_robust_instructgen_pick_object_type,pick_object_type,Left arm picks up drinks on the table,14,head,/home/user/djy/genie_sim/task_previews/g2op_robust_instructgen_pick_object_type/head.png,/home/user/djy/genie_sim/task_previews/g2op_robust_instructgen_pick_object_type,/home/user/djy/genie_sim/task_previews_with_instructions/g2op_robust_instructgen_pick_object_type.png,ok
g2op_robust_instructgen_pick_specific_object,pick_specific_object,Right arm picks up the mouse on the table,14,head,/home/user/djy/genie_sim/task_previews/g2op_robust_instructgen_pick_specific_object/head.png,/home/user/djy/genie_sim/task_previews/g2op_robust_instructgen_pick_specific_object,/home/user/djy/genie_sim/task_previews_with_instructions/g2op_robust_instructgen_pick_specific_object.png,ok
g2op_robust_instructgen_straighten_object,straighten_object,"Right arm picks up the oolong tea on the table, Right arm straightens the oolong tea and returns it to the original position",27,head,/home/user/djy/genie_sim/task_previews/g2op_robust_instructgen_straighten_object/head.png,/home/user/djy/genie_sim/task_previews/g2op_robust_instructgen_straighten_object,/home/user/djy/genie_sim/task_previews_with_instructions/g2op_robust_instructgen_straighten_object.png,ok
g2op_robust_posegen_pick_billiards_color,pick_billiards_color,Right arm picks up red billiard balls on the table,14,head,/home/user/djy/genie_sim/task_previews/g2op_robust_posegen_pick_billiards_color/head.png,/home/user/djy/genie_sim/task_previews/g2op_robust_posegen_pick_billiards_color,/home/user/djy/genie_sim/task_previews_with_instructions/g2op_robust_posegen_pick_billiards_color.png,ok
g2op_robust_posegen_pick_block_color,pick_block_color,Left arm picks up red block on the table,3,head,/home/user/djy/genie_sim/task_previews/g2op_robust_posegen_pick_block_color/head.png,/home/user/djy/genie_sim/task_previews/g2op_robust_posegen_pick_block_color,/home/user/djy/genie_sim/task_previews_with_instructions/g2op_robust_posegen_pick_block_color.png,ok
g2op_robust_posegen_pick_block_number,pick_block_number,Right arm picks up the block shaped like number 8 on the table,3,head,/home/user/djy/genie_sim/task_previews/g2op_robust_posegen_pick_block_number/head.png,/home/user/djy/genie_sim/task_previews/g2op_robust_posegen_pick_block_number,/home/user/djy/genie_sim/task_previews_with_instructions/g2op_robust_posegen_pick_block_number.png,ok
g2op_robust_posegen_pick_block_shape,pick_block_shape,Right arm picks up the cube block on the table,3,head,/home/user/djy/genie_sim/task_previews/g2op_robust_posegen_pick_block_shape/head.png,/home/user/djy/genie_sim/task_previews/g2op_robust_posegen_pick_block_shape,/home/user/djy/genie_sim/task_previews_with_instructions/g2op_robust_posegen_pick_block_shape.png,ok
g2op_robust_posegen_pick_block_size,pick_block_size,Left arm picks up the largest block on the table,27,head,/home/user/djy/genie_sim/task_previews/g2op_robust_posegen_pick_block_size/head.png,/home/user/djy/genie_sim/task_previews/g2op_robust_posegen_pick_block_size,/home/user/djy/genie_sim/task_previews_with_instructions/g2op_robust_posegen_pick_block_size.png,ok
g2op_robust_posegen_pick_common_sense,pick_common_sense,"I am very thirsty now, grasp an object that can quench thirst for me",14,head,/home/user/djy/genie_sim/task_previews/g2op_robust_posegen_pick_common_sense/head.png,/home/user/djy/genie_sim/task_previews/g2op_robust_posegen_pick_common_sense,/home/user/djy/genie_sim/task_previews_with_instructions/g2op_robust_posegen_pick_common_sense.png,ok
g2op_robust_posegen_pick_follow_logic_or,pick_follow_logic_or,Right arm picks up the stationery or fruit on the table,27,head,/home/user/djy/genie_sim/task_previews/g2op_robust_posegen_pick_follow_logic_or/head.png,/home/user/djy/genie_sim/task_previews/g2op_robust_posegen_pick_follow_logic_or,/home/user/djy/genie_sim/task_previews_with_instructions/g2op_robust_posegen_pick_follow_logic_or.png,ok
g2op_robust_posegen_pick_object_type,pick_object_type,Left arm picks up drinks on the table,14,head,/home/user/djy/genie_sim/task_previews/g2op_robust_posegen_pick_object_type/head.png,/home/user/djy/genie_sim/task_previews/g2op_robust_posegen_pick_object_type,/home/user/djy/genie_sim/task_previews_with_instructions/g2op_robust_posegen_pick_object_type.png,ok
g2op_robust_posegen_pick_specific_object,pick_specific_object,Right arm picks up the mouse on the table,14,head,/home/user/djy/genie_sim/task_previews/g2op_robust_posegen_pick_specific_object/head.png,/home/user/djy/genie_sim/task_previews/g2op_robust_posegen_pick_specific_object,/home/user/djy/genie_sim/task_previews_with_instructions/g2op_robust_posegen_pick_specific_object.png,ok
g2op_robust_posegen_straighten_object,straighten_object,"Right arm picks up the oolong tea on the table, Right arm straightens the oolong tea and returns it to the original position",27,head,/home/user/djy/genie_sim/task_previews/g2op_robust_posegen_straighten_object/head.png,/home/user/djy/genie_sim/task_previews/g2op_robust_posegen_straighten_object,/home/user/djy/genie_sim/task_previews_with_instructions/g2op_robust_posegen_straighten_object.png,ok
g2op_spatial_pick_object_absolute_position,pick_object_absolute_position,picks up the toy plane further away from the robot,17,head,/home/user/djy/genie_sim/task_previews/g2op_spatial_pick_object_absolute_position/head.png,/home/user/djy/genie_sim/task_previews/g2op_spatial_pick_object_absolute_position,/home/user/djy/genie_sim/task_previews_with_instructions/g2op_spatial_pick_object_absolute_position.png,ok
g2op_spatial_pick_object_relative_position,pick_object_relative_position,picks up the peach further from the bowl sponge,17,head,/home/user/djy/genie_sim/task_previews/g2op_spatial_pick_object_relative_position/head.png,/home/user/djy/genie_sim/task_previews/g2op_spatial_pick_object_relative_position,/home/user/djy/genie_sim/task_previews_with_instructions/g2op_spatial_pick_object_relative_position.png,ok
g2op_spatial_place_beverage_to_anothers_position,place_beverage_to_anothers_position,"Left arm picks up the wang lao ji, Right arm picks up the fanta, Right arm places the fanta at the wang lao ji's position",17,head,/home/user/djy/genie_sim/task_previews/g2op_spatial_place_beverage_to_anothers_position/head.png,/home/user/djy/genie_sim/task_previews/g2op_spatial_place_beverage_to_anothers_position,/home/user/djy/genie_sim/task_previews_with_instructions/g2op_spatial_place_beverage_to_anothers_position.png,ok
g2op_spatial_place_object_relative_position,place_object_relative_position,place the rubik cube to the bottom of the building blocks,17,head,/home/user/djy/genie_sim/task_previews/g2op_spatial_place_object_relative_position/head.png,/home/user/djy/genie_sim/task_previews/g2op_spatial_place_object_relative_position,/home/user/djy/genie_sim/task_previews_with_instructions/g2op_spatial_place_object_relative_position.png,ok
g2op_spatial_sort_cubes_by_size,sort_cubes_by_size,arrange blocks from small to large,17,head,/home/user/djy/genie_sim/task_previews/g2op_spatial_sort_cubes_by_size/head.png,/home/user/djy/genie_sim/task_previews/g2op_spatial_sort_cubes_by_size,/home/user/djy/genie_sim/task_previews_with_instructions/g2op_spatial_sort_cubes_by_size.png,ok
g2op_spatial_sort_number,sort_number,arrange digit blocks from small to large,17,head,/home/user/djy/genie_sim/task_previews/g2op_spatial_sort_number/head.png,/home/user/djy/genie_sim/task_previews/g2op_spatial_sort_number,/home/user/djy/genie_sim/task_previews_with_instructions/g2op_spatial_sort_number.png,ok
g2op_spatial_stack_bowls,stack_bowls,stack bowls,17,head,/home/user/djy/genie_sim/task_previews/g2op_spatial_stack_bowls/head.png,/home/user/djy/genie_sim/task_previews/g2op_spatial_stack_bowls,/home/user/djy/genie_sim/task_previews_with_instructions/g2op_spatial_stack_bowls.png,ok
g2op_spatial_stack_red_block_on_black_block,stack_red_block_on_black_block,place the red block on top of the black block,2,head,/home/user/djy/genie_sim/task_previews/stack_red_block_on_black_block/smoke/g2op_spatial_stack_red_block_on_black_block/head.png,/home/user/djy/genie_sim/task_previews/stack_red_block_on_black_block/smoke/g2op_spatial_stack_red_block_on_black_block,/home/user/djy/genie_sim/task_previews_with_instructions/g2op_spatial_stack_red_block_on_black_block.png,ok
g2op_spatial_stack_three_building_blocks,stack_three_building_blocks,stack all the building blocks on the middle of the table,2,head,/home/user/djy/genie_sim/task_previews/g2op_spatial_stack_three_building_blocks/head.png,/home/user/djy/genie_sim/task_previews/g2op_spatial_stack_three_building_blocks,/home/user/djy/genie_sim/task_previews_with_instructions/g2op_spatial_stack_three_building_blocks.png,ok
